IDLink,SentimentTitle,SentimentHeadline
CZLVHanbC2,0,-0.014113168
VFkR6aHMVJ,0.080799132,-0.03861276
P7iEhVkGlM,-0.04564502,-0.120476176
ij5NwOmhCO,0.291666667,0.094653165
AZhpvyzDfC,0.291663217,0.094658465
K68BWTk8nY,0.044194174,0.058465209
m95WZhuovK,0,0.326717981
4qwM4lsvYm,0.043211942,-0.08838831
u8iGT7DY2a,-0.079056942,0.083852549
3clx8GUpzY,0,0.06373217
